Date,Close,High,Low,Open,Volume,Day Change %,Overnight Change %,3m_treasury,2yr_treasury,10yr_treasury,yield_curve,VIX,fed_funds_rate,Overnight_Return,Overnight_Volatility,Futures_Last_Price,exp_rate,exp_rate_open_interest,volume_C25,volume_H0,volume_H25,mean_C25,mean_H0,mean_H25
2025-07-31,6339.39013671875,6427.02001953125,6327.64013671875,6427.02001953125,6077080000,-1.3634605547547558,1.0077184644045964,4.41,3.94,4.37,0.43,16.72,4.33,0.0069478563608581,0.002083149519837,6456.75,-1.0,0.10254703885216465,20090.0,75482.0,93.0,-1.0,-1.0,-1.0
2025-08-01,6238.009765625,6287.27978515625,6212.68994140625,6287.27978515625,5827150000,-0.7836460474937422,-0.8220089068295167,4.35,3.69,4.23,0.54,20.38,4.33,-0.0221676968207575,0.0027641553129588,6314.75,-1.0,-1.0,17523.0,36365.0,2101.0,-1.0,-1.0,-1.0
2025-08-04,6329.93994140625,6330.68994140625,6271.7099609375,6271.7099609375,4842580000,0.9284546133578814,0.5402395407940421,4.35,3.69,4.22,0.53,17.52,4.33,0.0062896033531782,0.0006581312676883,6304.0,-1.0,-1.0,137586.0,192290.0,11288.0,-1.0,-1.0,-1.0
2025-08-05,6299.18994140625,6346.0,6289.3701171875,6336.6298828125,5517410000,-0.5908494278291722,0.1056872808932808,4.34,3.72,4.22,0.5,17.85,4.33,0.0097758234805033,0.0018909024179532,6365.75,-1.0,0.07828597400771556,70086.0,67412.0,108.0,-1.0,-1.0,-1.0
2025-08-06,6345.06005859375,6352.830078125,6301.10986328125,6309.2998046875,5408560000,0.5667864107469086,0.1604946568573076,4.32,3.69,4.22,0.53,16.77,4.33,-0.0039906680547172,0.0017967363981486,6340.25,-1.0,0.021213371017342855,27087.0,32074.0,100.0,-1.0,-1.0,-1.0
2025-08-07,6340.0,6389.7099609375,6310.31982421875,6374.31982421875,5306090000,-0.5384076288164018,0.4611424534172937,4.32,3.72,4.23,0.51,16.57,4.33,0.0122466878144484,0.0014362400821814,6418.25,-0.8416803958828254,0.01606878665060604,90995.0,137727.0,0.0,-0.016517463119404868,-0.008592200925313917,0.0
2025-08-08,6389.4501953125,6395.16015625,6355.22021484375,6355.22021484375,4769910000,0.5386120277752103,0.2400664801853312,4.32,3.76,4.27,0.51,15.15,4.33,-0.0054009153508139,0.0030663547342542,6383.25,10.567242021606855,-0.004043289597843334,34917.0,137874.0,1035.0,-0.02129023983583423,-1.0,-1.0
2025-08-11,6373.4501953125,6407.25,6364.06005859375,6389.669921875,4652400000,-0.2538429490226381,0.0034388962396357,4.34,3.76,4.27,0.51,16.25,4.33,0.0008623739185651,0.0009669559890569,6419.0,-1.0,0.03720428143760239,155782.0,239413.0,12470.0,-1.0,-1.0,-1.0
2025-08-12,6445.759765625,6446.5498046875,6385.759765625,6395.169921875,5135300000,0.7910633238525047,0.3407844400898319,4.33,3.72,4.29,0.57,14.73,4.33,-0.0028813071243098,0.0008143721402122,6400.5,0.3513433934486566,-0.014319959206333669,24566.0,80125.0,625.0,-0.03935957304869924,0.06707317073170727,-1.0
2025-08-13,6466.580078125,6480.27978515625,6445.02001953125,6462.669921875,5195950000,0.0605037282929275,0.2623454311806847,4.29,3.67,4.24,0.57,14.49,4.33,0.0129326724691067,0.0024787440880217,6483.5,-0.8691142869025593,-0.0049214569007646905,106094.0,87884.0,1118.0,-0.003611906837713168,-0.12102772143340094,-1.0
2025-08-14,6468.5400390625,6473.919921875,6441.06982421875,6453.4599609375,4462050000,0.2336743113969719,-0.2028911268242456,4.3,3.74,4.29,0.55,14.83,4.33,0.0005423265242929,0.0006130952202639,6487.0,-0.883695906780929,-0.04984021982962742,68934.0,344302.0,2500.0,0.010133867133742019,-0.016979445933869516,-1.0
2025-08-15,6449.7998046875,6481.33984375,6441.85009765625,6477.3798828125,4575060000,-0.4257906533810495,0.136659025013644,4.3,3.75,4.33,0.58,15.09,4.33,0.0007342590609238,0.0005699865237525,6491.75,-0.9646425096699177,-0.005586729381167565,65019.0,246886.0,4311.0,0.007690267833465961,-0.03549695740365101,-1.0
2025-08-18,6449.14990234375,6455.35009765625,6437.7001953125,6445.02001953125,4162290000,0.0640786653879217,-0.0741074963718441,4.33,3.77,4.34,0.57,14.99,4.33,-0.0018528724654007,0.0007370923668073,6459.5,0.8198743287875396,0.011274644000648697,155557.0,246142.0,8606.0,0.05981416957026715,-0.09530791788856303,-1.0
2025-08-19,6411.3701171875,6456.47998046875,6400.22021484375,6446.240234375,4377440000,-0.5409372893295662,-0.0451170776429397,4.3,3.75,4.3,0.55,15.57,4.33,0.0009706668081157,0.0007109416486767,6465.75,-1.0,-0.001093098810105804,31428.0,49432.0,2108.0,-1.0,-0.026448852586542095,-1.0
2025-08-20,6395.77978515625,6408.39990234375,6343.85986328125,6406.6201171875,4470390000,-0.1692051632992545,-0.0740871282296786,4.3,3.74,4.29,0.55,15.69,4.33,-0.0064557931225657,0.0017227747131054,6424.0,-0.2087612597243074,0.000559086185869307,42304.0,50785.0,5500.0,-0.026538835625955267,0.0034735623311463217,-1.0
2025-08-21,6370.169921875,6393.64990234375,6352.7099609375,6380.830078125,4013560000,-0.1670653523049539,-0.2337433047014262,4.32,3.79,4.33,0.54,16.6,4.33,-0.0031438291757394,0.0013654220308967,6403.75,-0.014904219640634906,-0.0052367667510515945,184557.0,310944.0,10567.0,-0.0383158508158508,0.14331097776208976,0.0
2025-08-22,6466.91015625,6478.89013671875,6384.58984375,6384.58984375,5046860000,1.2893594500919268,0.2263663615232987,4.27,3.68,4.26,0.58,14.22,4.33,-0.000265434873398,0.0010610211055723,6402.0,-0.9553642455766584,-0.04892258028700309,88730.0,322709.0,64887.0,-0.03609869183639682,0.026063829787233976,-1.0
2025-08-25,6439.31982421875,6466.89013671875,6438.06005859375,6457.669921875,4059070000,-0.2841597337468435,-0.1428848422467984,4.29,3.73,4.28,0.55,14.79,4.33,-0.0020439938344722,0.0005478581299956,6470.0,-1.0,0.07099186504990519,403668.0,391902.0,16431.0,-1.0,-0.21694417238001962,-1.0
2025-08-26,6465.93994140625,6468.3701171875,6429.2099609375,6435.490234375,4867680000,0.473152874486604,-0.0594719620750414,4.28,3.61,4.26,0.65,14.62,4.33,-0.0031646997408326,0.001099022700893,6449.5,-1.0535047936385502,0.026467658630166032,130057.0,218107.0,108550.0,0.02792054452007224,-0.13156752062527136,-1.0
2025-08-27,6481.39990234375,6487.06005859375,6457.83984375,6462.259765625,4143680000,0.296183338536823,-0.0569163310299726,4.26,3.59,4.24,0.65,14.85,4.33,0.0054578080257684,0.0009386871776152,6484.75,0.22622624055975274,0.01991257840030332,104073.0,53011.0,1675.0,-0.005365789818086628,0.07954545454545463,-1.0
2025-08-28,6501.85986328125,6508.22998046875,6466.9599609375,6483.83984375,4283760000,0.277922033324437,0.0376452840900572,4.26,3.62,4.22,0.6,14.43,4.33,0.0020109146777642,0.0010748997691671,6497.75,0.28842077371489144,-0.0012938760182109044,22585.0,52433.0,4675.0,0.009870129870129793,0.000526592943654497,-1.0
2025-08-29,6460.259765625,6491.759765625,6444.56982421875,6489.27978515625,4234840000,-0.4471993887153881,-0.1934843012542459,4.23,3.59,4.23,0.64,15.36,4.33,-0.0003010025334377,0.0009891408759575,6495.75,-0.9110125993555768,-0.0017704390000322751,22761.0,92724.0,2000.0,0.0009219017516133728,0.1532125205930806,-1.0
2025-09-02,6415.5400390625,6416.5400390625,6360.580078125,6401.509765625,4784000000,0.2191713197539765,-0.909406155966179,4.2,3.66,4.28,0.62,17.17,4.33,-0.0055524597484081,0.002905688774012,6438.0,0.8388659804799049,0.0017517161023210294,25780.0,44631.0,1331.0,0.014274981217130073,0.0,-1.0
2025-09-03,6448.259765625,6453.669921875,6416.169921875,6445.81982421875,4465360000,0.037853081109752,0.4719756243727656,4.18,3.61,4.22,0.61,16.35,4.33,0.002705855095626,0.002062144677321,6455.25,-1.9769088885858965,0.030105697073189462,163454.0,45214.0,1128.0,0.0006253908692933784,-0.09735654416505465,0.0
2025-09-04,6502.080078125,6502.5400390625,6445.97998046875,6456.60009765625,4670770000,0.7043951891222017,0.1293423704130444,4.16,3.59,4.17,0.58,15.3,4.33,0.0023021138650251,0.0016729945636962,6470.0,-0.9996432848844732,-0.22209990892954803,75513.0,195935.0,1000.0,0.01379229046327942,-0.17415215398716777,-1.0
2025-09-05,6481.5,6532.64990234375,6443.97998046875,6529.080078125,5066120000,-0.7287409184091964,0.4152517298400601,4.07,3.51,4.1,0.59,15.18,4.33,0.0082091988652456,0.0012173148401778,6523.25,-1.0,0.022358146226318838,264191.0,142115.0,15002.0,-1.0,0.02366863905325429,-1.0
2025-09-08,6495.14990234375,6508.669921875,6483.2900390625,6498.08984375,5211500000,-0.0452431634055921,0.2559568579804057,4.1,3.49,4.05,0.56,15.11,4.33,0.0026580049373622,0.0007124843541381,6506.0,-0.8961482667113022,-0.041101612052833046,244394.0,793697.0,14377.0,-0.012855831037649207,0.6835016835016836,-1.0
2025-09-09,6512.60986328125,6518.22998046875,6483.080078125,6503.330078125,4798350000,0.1426928211358063,0.1259428327943318,4.1,3.54,4.08,0.54,15.04,4.33,0.0008854453518328,0.0005359171752948,6511.75,1.222761951423478,0.02993695625577703,548432.0,577130.0,4338.0,-0.04169705810843666,0.10208333333333336,-1.0
2025-09-10,6532.0400390625,6555.97021484375,6516.33984375,6550.2900390625,5253010000,-0.2786136169721731,0.5785725933576127,4.09,3.54,4.04,0.5,15.35,4.33,0.0036820090737277,0.0006196751908823,6535.75,-0.5801576941387442,-0.004136204413995551,230115.0,358630.0,39206.0,0.00870003782625144,0.001669449081802937,-1.0
2025-09-11,6587.47021484375,6592.89013671875,6545.7998046875,6554.41015625,5426460000,0.5043941072596039,0.3424675454180258,4.08,3.52,4.01,0.49,14.71,4.33,0.0018362430072615,0.0005013049297424,6547.75,-0.6593855311330412,-0.0422650599924588,161009.0,659137.0,9686.0,-0.04553778537419118,0.19500000000000003,-1.0
2025-09-12,6584.2900390625,6600.2099609375,6579.490234375,6590.66015625,4641640000,-0.0966537044314012,0.0484243769188057,4.08,3.56,4.06,0.5,14.76,4.33,0.0054684881762381,0.001794988180781,6583.5,2.8722899031387645,-0.007897175205707626,172419.0,358285.0,5798.0,0.0023044129508007854,0.04986876640419945,-1.0
2025-09-15,6615.27978515625,6619.6201171875,6602.06982421875,6603.490234375,5045020000,0.1785351437316973,0.2916061594885909,4.06,3.54,4.05,0.51,15.69,4.33,0.0009109605834758,0.0003471112968997,6594.5,1.5087363913494969,-0.12195823830460147,481862.0,3773999.0,26137.0,0.02224219276567068,-0.026666666666666623,-1.0
2025-09-16,6606.759765625,6626.990234375,6600.10986328125,6624.1298828125,5359510000,-0.2622248883218595,0.1337826659442033,4.04,3.51,4.04,0.53,16.36,4.33,0.0060163887160649,0.000915518601855,6634.25,-0.11300118348176681,-0.08559792832960308,277372.0,2167831.0,99430.0,0.008663230617392156,0.011029411764705944,-1.0
2025-09-17,6600.35009765625,6624.39013671875,6551.14990234375,6604.8701171875,5805340000,-0.0684346467236016,-0.0286017428290922,4.02,3.52,4.06,0.54,15.72,4.33,0.0049191190947625,0.0021243622271904,6666.75,-0.06324170611558,0.017625521307973707,1480492.0,3499178.0,80379.0,-0.018492784607161927,0.023411371237458168,-1.0
2025-09-18,6631.9599609375,6656.7998046875,6611.89013671875,6626.85009765625,5292400000,0.0771084784769347,0.4014938542337324,4.03,3.57,4.11,0.54,15.7,4.08,0.0072654081521242,0.0014677127764956,6715.25,-1.0,-0.029987043111510587,144660.0,49819.0,3.0,0.011109724129322205,-0.13171036204744074,0.0
2025-09-19,6664.35986328125,6671.81982421875,6630.31005859375,6647.10986328125,9125960000,0.2595112816667782,0.2284377835961542,4.03,3.57,4.14,0.57,15.45,4.08,-0.0032753129696705,0.0009124881398363,6693.25,0.08325076752722393,-0.042166240619034734,97652.0,82516.0,919.0,0.01926359424530593,-0.07692307692307698,-1.0
2025-09-22,6693.75,6698.8798828125,6648.06982421875,6654.27978515625,5642620000,0.593155324364276,-0.1512535086908856,4.0,3.61,4.15,0.54,16.1,4.09,-0.0029031031657857,0.0005163654742076,6703.0,-22.345022796352584,-0.07423228322122995,54558.0,103908.0,478.0,-1.0,0.0,0.0
2025-09-23,6656.919921875,6699.52001953125,6645.580078125,6692.43994140625,5633620000,-0.5307484242254754,-0.0195713702147525,4.0,3.53,4.12,0.59,16.64,4.09,0.0073852107324312,0.0019237176483445,6752.5,-0.9509226722062593,-0.015392536095629327,10753.0,37428.0,593.0,-0.008311250301132278,0.07142857142857129,-1.0
2025-09-24,6637.97021484375,6672.66015625,6621.759765625,6669.7900390625,5459180000,-0.4770738513865208,0.1933344149928572,4.02,3.57,4.16,0.59,16.18,4.09,-0.0039399478014745,0.0020272548442488,6725.75,0.21952091526635673,-0.0037024431218782147,39194.0,55251.0,2528.0,-0.011810074716799266,-1.0,-1.0
2025-09-25,6604.72021484375,6619.0,6569.22021484375,6608.18994140625,5874670000,-0.052506459306792,-0.4486352374842796,4.04,3.64,4.18,0.54,16.74,4.09,-0.0056527601890369,0.0013139550675483,6687.75,213.27868852459017,-0.060656009061077015,27346.0,128032.0,557.0,-0.012048192771084348,-1.0,-1.0
2025-09-26,6643.7001953125,6648.97021484375,6604.43017578125,6615.3798828125,5103110000,0.4280980533495794,0.1613946938250764,4.02,3.63,4.2,0.57,15.29,4.09,-0.0034703797261967,0.0012959605593569,6664.5,10.76012793176972,-0.08023393467227286,15454.0,170421.0,93.0,0.0005065856129686765,0.025917926565874723,-1.0
2025-09-29,6661.2099609375,6677.31005859375,6644.490234375,6661.580078125,5358760000,-0.0055559969730811,0.2691253712067749,4.04,3.63,4.15,0.52,16.12,4.09,0.0048434712957562,0.0004161537734644,6729.0,-1.0,-0.012954740391771899,46460.0,114600.0,2149.0,-1.0,0.10461338531513971,-1.0
2025-09-30,6688.4599609375,6691.25,6641.0,6656.18994140625,6057210000,0.4848121795699887,-0.0753619771886529,4.02,3.6,4.16,0.56,16.28,4.09,-0.0040893572841205,0.0008653063041865,6701.5,-4.221760347008855,-0.006447685693569361,5981.0,30173.0,146.0,-0.01899913075872343,0.03092783505154652,0.0
2025-10-01,6711.2001953125,6718.47998046875,6656.2001953125,6664.919921875,6037950000,0.694386038842013,-0.3519500632429662,4.01,3.55,4.12,0.57,16.29,4.09,9.125771071605282e-05,0.0015422734897582,6702.0,0.8649166921062358,0.01593019830037007,108561.0,121474.0,186.0,0.010600285850404977,0.0060150375939849255,-1.0
2025-10-02,6715.35009765625,6731.93994140625,6693.22998046875,6731.31005859375,5416130000,-0.2371003682577983,0.2996463031351072,4.02,3.55,4.1,0.55,16.63,4.09,0.0102181085344693,0.0025629325603241,6770.5,-1.0,0.014208738526129106,115107.0,88808.0,4468.0,-1.0,0.0,-1.0
2025-10-03,6715.7900390625,6750.8701171875,6705.669921875,6722.14013671875,5713110000,-0.09446541617845,0.1011122125244046,4.03,3.58,4.13,0.55,16.65,4.09,0.0024719539513079,0.0003459652626791,6787.25,0.2896908151237646,-0.02139199346240211,57133.0,153652.0,1492.0,0.00011237217664904931,-1.0,-1.0
2025-10-06,6740.27978515625,6749.52001953125,6717.77978515625,6733.85986328125,5604460000,0.0953379191926296,0.2690647580351169,4.02,3.6,4.18,0.58,16.37,4.09,0.0036187213545694,0.0006881949983407,6788.5,-1.0,-0.04114141824158106,212835.0,460130.0,50960.0,-1.0,-0.17333333333333337,-1.0
2025-10-07,6714.58984375,6754.490234375,6699.9599609375,6746.14013671875,5546150000,-0.4676791814184833,0.0869452270424431,4.01,3.57,4.14,0.57,17.24,4.09,-0.0003302930041455,0.000772520677806,6786.25,7.383327520055809,-0.006981505785188711,11465.0,66957.0,1130.0,-0.0007961783439490832,0.007803790412485978,-1.0
2025-10-08,6753.72021484375,6755.64013671875,6718.08984375,6723.8701171875,5383130000,0.4439422108994555,0.1382105780614159,4.01,3.58,4.13,0.55,16.3,4.1,-0.0022398830979946,0.0011742648796944,6771.0,0.050826202419592945,-0.005960949118523154,17899.0,58988.0,95.0,-0.004006868918145459,0.013513513513513431,-1.0
2025-10-09,6735.10986328125,6764.580078125,6716.169921875,6760.5,5385020000,-0.3755659598957178,0.1003859345749763,4.03,3.6,4.14,0.54,16.43,4.1,0.0043554266554821,0.0010319545011558,6800.5,48.7701094739675,0.010061439261615148,65586.0,64629.0,4478.0,0.0005752416014726828,0.07027649769585247,-1.0
2025-10-10,6552.509765625,6762.39990234375,6550.77978515625,6740.490234375,6596610000,-2.7888248808868745,0.079885424335584,4.02,3.52,4.05,0.53,21.66,4.1,-0.0039235279356079,0.0015680724373698,6773.75,7.007364434606549,-0.0003499012287055822,34911.0,67505.0,100.0,0.003649635036496328,0.0,-1.0
2025-10-13,6654.72021484375,6668.68017578125,6620.7099609375,6622.52978515625,5303960000,0.4860745173189207,1.0685984765498668,4.02,3.52,4.05,0.53,19.03,4.1,0.0130783391459393,0.0027377290093282,6681.75,9.174601040953075,-0.03665094326170059,183800.0,345592.0,3896.0,0.008855509472032303,-0.06542056074766349,-1.0
2025-10-14,6644.31005859375,6680.7001953125,6555.06982421875,6602.490234375,5666920000,0.6333947152397222,-0.7848561439479892,4.02,3.48,4.03,0.55,20.81,4.1,-0.0069231347819607,0.001738552099863,6635.5,-1.0469995696675165,-0.0013154326528201394,44865.0,136426.0,1321.0,0.010661928031985844,0.006485084306095985,0.0
2025-10-15,6671.06005859375,6724.1201171875,6612.10986328125,6688.27001953125,5633060000,-0.2573155821646412,0.6616181446957339,4.03,3.5,4.05,0.55,20.64,4.1,0.0139979465106719,0.0032449898410649,6728.5,-0.9958631875301966,0.013593993584946158,97167.0,114394.0,12.0,-0.005219660722053095,-0.06656804733727796,-1.0
2025-10-16,6629.06982421875,6709.33984375,6593.990234375,6689.02001953125,6048180000,-0.8962478081610101,0.2692219944019801,4.02,3.41,3.99,0.58,25.31,4.11,0.0011572459806566,0.0009296717034634,6736.25,-0.6424449633607849,-0.005524540839480632,38450.0,209304.0,0.0,0.0007532551382761583,-0.1596638655462184,0.0
2025-10-17,6664.009765625,6678.8798828125,6603.759765625,6613.27001953125,5358120000,0.7672414092256654,-0.2383412018044634,4.0,3.46,4.02,0.56,20.78,4.11,-0.0215759423215896,0.0027964466914866,6592.0,7.127610686835871,0.007174404414048159,101283.0,279571.0,137.0,-0.006516397820745641,0.25944584382871544,-1.0
2025-10-20,6735.1298828125,6744.35009765625,6690.0498046875,6690.0498046875,4672170000,0.6738377058630245,0.3907563160669794,3.97,3.46,4.0,0.54,18.23,4.11,0.0029859911954893,0.0010534069669628,6722.5,-0.2897292433846328,-0.04641579886793739,171564.0,917350.0,6735.0,0.00825737265415554,-0.1837837837837837,-1.0
2025-10-21,6735.35009765625,6752.16015625,6722.02978515625,6736.75,5245020000,-0.020780084517757,0.0240547282040455,3.96,3.45,3.98,0.53,17.87,4.11,0.0068540067465739,0.0021788774386091,6768.5,-0.9977761955305742,-0.003954064933039983,150338.0,115819.0,2851.0,-0.0032655640998630483,-0.25000000000000006,-1.0
2025-10-22,6699.39990234375,6741.75,6655.68994140625,6741.33984375,5710010000,-0.6221306502613596,0.0889299888929945,3.96,3.45,3.97,0.52,18.6,4.11,0.0014807401360505,0.000786166760199,6778.5,0.14602145535947902,0.019116758853519163,125236.0,59738.0,350.0,-0.007828810020876776,0.038062283737024236,-1.0
2025-10-23,6738.43994140625,6749.52978515625,6700.14013671875,6703.64990234375,5565750000,0.5189715985964094,0.0634385178068435,3.95,3.48,4.01,0.53,17.3,4.11,-0.0057676130529327,0.0023389915170373,6739.25,-1.0,0.0016563718532115151,29715.0,287781.0,143.0,-1.0,0.01010101010101004,-1.0
2025-10-24,6791.68994140625,6807.10986328125,6772.06982421875,6772.06982421875,5058220000,0.2897211295331475,0.4990752029390612,3.93,3.48,4.02,0.54,16.37,4.11,0.0081892964586887,0.001786405343013,6794.5,-0.7347719312094522,-0.006121478942189315,27086.0,127480.0,15569.0,-0.0002104820037887697,0.0,-1.0
2025-10-27,6875.16015625,6877.27978515625,6843.93994140625,6845.4599609375,5290650000,0.4338670517683153,0.7917030959177838,3.89,3.48,4.01,0.53,15.79,4.12,0.0087730256826832,0.0018914194834509,6887.0,1.5226504687130942,-0.07844035008080612,1232965.0,1645717.0,2619.0,0.009995835068721304,-0.3222222222222222,-1.0
2025-10-28,6890.89013671875,6911.2998046875,6870.72998046875,6897.740234375,5695930000,-0.0993093016479865,0.3284298490773795,3.89,3.47,3.99,0.52,16.42,4.12,0.0029752045116078,0.0006222895190955,6907.5,0.926574671380795,-0.00849413998261526,278921.0,424979.0,16219.0,0.0013345652397085297,0.05263157894736847,-1.0
2025-10-29,6890.58984375,6920.33984375,6851.91015625,6910.9501953125,6280130000,-0.29461001724929,0.291109830453661,3.93,3.59,4.08,0.49,16.92,4.12,0.0040934487228089,0.0012815968302089,6935.75,0.409856054641349,-0.033960644765879566,1043873.0,1008505.0,30697.0,0.009183673469387763,-0.47000000000000003,-1.0
2025-10-30,6822.33984375,6880.75,6820.68994140625,6860.5,6052700000,-0.5562299577290285,-0.4366802324955172,3.92,3.61,4.11,0.5,16.91,3.87,-0.003944735057653,0.0019839782241002,6908.25,-0.8517708822614097,0.15227613206619472,59662.0,45761.0,93.0,0.026880096647538564,-0.05227759095077959,-1.0
2025-10-31,6840.2001953125,6879.169921875,6814.259765625,6879.169921875,6398280000,-0.5664887915994135,0.8329998127704307,3.89,3.6,4.11,0.51,17.44,3.86,-0.0011955448506182,0.0022552377435159,6899.75,0.10580465959979596,-0.022285811199242854,59555.0,59425.0,1.0,-0.07369287772745982,0.09848484848484836,-1.0
2025-11-03,6851.97021484375,6882.31982421875,6820.6201171875,6882.31982421875,6065720000,-0.4409793521684405,0.6157660258995641,3.98,3.6,4.13,0.53,17.17,3.87,0.003021031061324,0.0011445741438578,6894.75,14.562500000000002,0.06590069544270216,76706.0,60733.0,1760.0,0.023682200152788494,-1.0,-1.0
2025-11-04,6771.5498046875,6820.2099609375,6766.7099609375,6788.52001953125,5739510000,-0.2499840141139011,-0.9260138810154898,3.96,3.58,4.1,0.52,19.0,3.87,-0.0148897217270728,0.0010176901390848,6792.75,-1.0,0.005031377101860803,11161.0,7043.0,10000.0,-1.0,-1.0,-1.0
2025-11-05,6796.2900390625,6829.77978515625,6763.10986328125,6769.77001953125,5939600000,0.3917418088758987,-0.0262832764667546,3.96,3.63,4.17,0.54,18.01,3.87,0.0002070348727843,0.0018139828647423,6794.0,23.990471966910945,0.01622202209223363,19277.0,44104.0,0.0,0.009721416134648764,-0.034482758620689495,0.0
2025-11-06,6720.31982421875,6796.68017578125,6707.509765625,6787.58984375,6051900000,-0.991073725428358,-0.1280138908506637,3.93,3.57,4.11,0.54,19.5,3.87,0.0044247949230677,0.0028046087707397,6823.75,0.4151058727383559,0.0013045696452693499,14242.0,14936.0,2153.0,0.003802281368821381,-0.001250781738586479,-1.0
2025-11-07,6728.7998046875,6730.10986328125,6631.43994140625,6696.18017578125,5926070000,0.4871378614367143,-0.359203863341523,3.92,3.55,4.11,0.56,19.08,3.87,-0.0105103884477935,0.0028305411622518,6752.0,-0.4490971697320904,-0.009111305118032804,61197.0,70468.0,1435.0,0.01283880171184024,-0.02762224710712959,-1.0
2025-11-10,6832.43017578125,6841.31982421875,6770.56005859375,6785.35986328125,5366050000,0.6937039957853884,0.8405668207627224,3.95,3.58,4.13,0.55,17.6,3.87,0.0096664685216881,0.0014608284325694,6819.25,0.1921835783434923,-0.08640363794548253,73381.0,71849.0,19503.0,0.0038028169014085013,-1.0,-1.0
2025-11-11,6846.60986328125,6855.1298828125,6806.8701171875,6815.64013671875,4983490000,0.4543920444926798,-0.2457403680759921,3.95,3.58,4.13,0.55,17.28,3.87,0.0030848048193256,0.0011781827947543,6840.25,-1.8329784169057133,0.00256582135009413,13528.0,18526.0,864.0,0.011433597185575958,-0.03333333333333337,0.0
2025-11-12,6850.919921875,6869.91015625,6829.6201171875,6867.77001953125,5293610000,-0.2453503481964307,0.30906034771286,3.95,3.56,4.08,0.52,17.51,3.87,0.0084588089041297,0.0013625376018229,6898.25,-0.11547342974972892,-0.04929065756354661,37077.0,56579.0,467.0,-0.018019276435256353,0.0585165859112933,-1.0
2025-11-13,6737.490234375,6828.0498046875,6724.72021484375,6826.47021484375,5473720000,-1.303455192337445,-0.3568821021127694,3.96,3.58,4.11,0.53,20.0,3.88,-0.0047418074977388,0.0015269153172385,6865.5,-0.034413226448831574,0.007940051032038715,153104.0,123674.0,233.0,-0.17357664233576642,0.43265875785066293,-1.0
2025-11-14,6734.10986328125,6774.31005859375,6646.8701171875,6672.14013671875,5042660000,0.9287833482612629,-0.9699471966999024,3.95,3.62,4.14,0.52,19.83,3.88,-0.0185983752504926,0.0037366942368561,6738.25,-0.4969555438055492,0.0007269311978878125,184526.0,288401.0,1145.0,0.011056268509378183,0.0008355964069354741,-1.0
2025-11-17,6672.41015625,6754.5,6638.89990234375,6713.60986328125,5204220000,-0.6136744295581366,-0.3044203378946836,3.97,3.6,4.13,0.53,22.38,3.88,0.0047708130479321,0.0011897804447716,6787.5,0.10344178957456222,-0.028760354562441862,202442.0,126105.0,7767.0,0.0004299226139294453,-0.017586989409985033,0.0
2025-11-18,6617.31982421875,6666.6298828125,6574.31982421875,6641.18994140625,5159390000,-0.3594253047737041,-0.4679001157401309,3.94,3.58,4.12,0.54,24.69,3.88,-0.0157301913842251,0.0040231243940746,6680.75,0.5431391990534989,-0.061021003796880566,78656.0,103424.0,52080.0,0.06350314026517792,-0.02361359570661914,0.0
2025-11-19,6642.16015625,6689.75,6603.5,6625.83984375,5021610000,0.2463131147879248,0.1287533285011788,3.95,3.58,4.13,0.55,23.66,3.88,-0.0033692071460792,0.0024335100985157,6658.0,0.2489010484574049,0.027421519561418486,150138.0,108017.0,6005.0,0.030658591975775914,-0.06022087934986452,0.0
2025-11-20,6538.759765625,6770.35009765625,6534.0498046875,6737.93017578125,5596080000,-2.955958357540512,1.4418505016193317,3.94,3.55,4.1,0.55,26.42,3.88,0.0106428274620221,0.0021294174645089,6729.0,-0.43227363737437413,0.005930613594426735,202305.0,154047.0,834.0,-0.2461838259175057,0.09983849654969894,-1.0
2025-11-21,6602.990234375,6660.0498046875,6521.919921875,6555.77001953125,5929930000,0.7202847980186824,0.2601449589213359,3.9,3.51,4.06,0.55,23.43,3.88,-0.0262657826565492,0.0064092843747849,6552.5,-0.0511991799463911,0.011574629661193957,234416.0,129967.0,468.0,0.3164668031588184,-0.2166070595552791,-1.0
2025-11-24,6705.1201171875,6715.75,6630.7001953125,6636.5400390625,6039740000,1.0333709692300426,0.5081001712351559,3.91,3.46,4.04,0.58,20.52,3.88,0.0010009374955257,0.0020584841576945,6638.0,1.0778518183664272,0.018280254154213547,359825.0,379295.0,2826.0,0.034032209054998444,-0.07175295186194369,-1.0
2025-11-25,6765.8798828125,6776.39990234375,6659.97998046875,6697.02978515625,5003330000,1.0280691569993314,-0.1206590171369448,3.9,3.43,4.01,0.58,18.56,3.88,0.0105773578203909,0.003468382783129,6708.0,-0.7946475842100734,-0.013216614255478395,142964.0,295009.0,2926.0,-0.004579416726922181,0.08206686930091175,-1.0
2025-11-26,6812.60986328125,6831.43994140625,6783.8701171875,6793.5498046875,4485000000,0.280561107840833,0.4089626531102104,3.92,3.45,4.0,0.55,17.19,3.88,0.012967822981679,0.0023746731111604,6795.25,2.9586130924174254,-0.010800889941308749,125844.0,220933.0,3869.0,-0.027954706298655277,0.11178985949908357,-1.0
2025-11-28,6849.08984375,6850.85986328125,6819.75,6822.52001953125,2558540000,0.3894429645158522,0.1454678375671264,3.88,3.47,4.02,0.55,16.35,3.89,0.012967822981679,0.0023746731111604,6795.25,7.768605585694194,-0.003937823594527169,12977.0,126029.0,4257.0,0.006009190526687868,0.013314646110721884,0.0
2025-12-01,6812.6298828125,6843.64990234375,6799.93994140625,6812.2998046875,4549370000,0.0048453258732517,-0.5371522333886745,3.81,3.54,4.09,0.55,17.24,3.89,-0.001964130986182,0.0016907933989852,6816.25,2.143592740579964,-0.01437952522887028,152824.0,233508.0,7658.0,0.001497005988024043,-0.17522245037645456,-1.0
2025-12-02,6829.3701171875,6851.5498046875,6806.7099609375,6830.9599609375,4582290000,-0.0232740897193284,0.2690602372403163,3.77,3.51,4.09,0.58,16.59,3.89,0.0026982091435057,0.0018576941582142,6834.5,0.4718670092488728,-0.018582155817497545,94438.0,140590.0,8202.0,-0.0011257458065968714,0.0,-1.0
2025-12-03,6849.72021484375,6862.419921875,6810.43017578125,6815.2900390625,4736780000,0.5051901765575653,-0.2061694985539679,3.72,3.49,4.06,0.57,16.08,3.89,0.0025604581734459,0.0006519375176346,6852.0,-0.7578774367985247,-0.01175841950615316,93434.0,225742.0,6159.0,0.003477882838821846,-0.14158305462653292,-1.0
2025-12-04,6857.1201171875,6866.47021484375,6827.1201171875,6866.47021484375,4872440000,-0.1361703664866587,0.2445355353887558,3.71,3.52,4.11,0.59,15.78,3.89,0.0023731586555292,0.0007755305076048,6868.25,-0.9134258751933257,0.005148457682837125,134494.0,115550.0,259.0,-0.005155192782730133,0.10086455331412092,0.0
2025-12-05,6870.39990234375,6895.77978515625,6858.2900390625,6866.31982421875,4944560000,0.0594216149182103,0.1341628391223709,3.71,3.56,4.14,0.58,15.41,3.89,0.0014948112927973,0.0007047106899004,6878.5,-0.8632049671057042,0.11598896983519649,96077.0,210282.0,2837.0,-0.005700150570015027,0.12359550561797757,-1.0
2025-12-08,6846.509765625,6878.27001953125,6827.18994140625,6875.2001953125,4757130000,-0.4173031893247426,0.0698691930161509,3.73,3.57,4.17,0.6,16.66,3.89,0.0009091837737413,0.00042363062452,6884.5,-0.5861229436065918,-0.004013206816574317,332400.0,491524.0,14145.0,-0.006834686031610381,0.08297567954220314,0.0
2025-12-09,6840.509765625,6864.919921875,6837.43017578125,6840.60986328125,4508050000,-0.0014632855586064,-0.086173868813746,3.73,3.61,4.18,0.57,16.93,3.89,-0.0039420217764639,0.0018283370744171,6857.25,0.23633633162852757,0.0070390542055601135,258545.0,286760.0,12415.0,0.014481870843166655,-0.15529753265602322,0.0
2025-12-10,6886.68017578125,6900.669921875,6824.68994140625,6833.490234375,5526570000,0.778371514144921,-0.1026170781200345,3.69,3.54,4.13,0.59,15.77,3.89,-0.000691348376506,0.0004740505753651,6852.5,-7.708830916749902,-0.039788115091466285,623279.0,1300389.0,30781.0,0.006034751846842189,-0.00499999999999997,0.0
2025-12-11,6901.0,6903.4599609375,6833.4501953125,6861.2998046875,5021060000,0.5786104155567964,-0.3685429037783181,3.66,3.52,4.14,0.62,14.85,3.64,0.0004398454473441,0.0023521551025161,6855.25,0.757862035888074,-0.17242211209746106,49489.0,90306.0,2672.0,-0.14367269267364416,0.024146341463414683,-1.0
2025-12-12,6827.41015625,6899.85009765625,6801.7900390625,6886.85009765625,4910160000,-0.863093294661354,-0.2050413323250253,3.63,3.52,4.19,0.67,15.74,3.64,0.0061013510144839,0.0020150697963222,6897.0,-0.8518245555411167,0.20109457361283475,53401.0,18553.0,0.0,0.041520760380190105,-0.0358024691358025,0.0
2025-12-15,6816.509765625,6861.58984375,6801.490234375,6860.18994140625,4975600000,-0.6367196266331968,0.4801203444067657,3.65,3.51,4.18,0.67,16.5,3.64,0.0045310444875259,0.0006448950189036,6861.75,1.9062704185422996,-0.20212142564427701,59994.0,145494.0,7293.0,0.001415762151958446,0.024203986538959422,-1.0
2025-12-16,6800.259765625,6819.27001953125,6759.740234375,6800.1201171875,4983180000,0.0020536172169523,-0.240440474686201,3.64,3.48,4.15,0.67,16.48,3.64,-0.0015596608995049,0.0034112711667898,6850.5,1.1311562674024933,-0.052172997769393006,48664.0,74909.0,6328.0,-0.0561602089682194,0.0,-1.0
2025-12-17,6721.43017578125,6812.259765625,6720.43017578125,6802.8798828125,5122120000,-1.1972827454595072,0.0385296632452861,3.64,3.49,4.16,0.67,17.62,3.64,-0.0040986035771758,0.0072021933390117,6820.0,-0.32804104985316684,-0.0818486192133432,47840.0,41006.0,13872.0,-0.030316344463971835,0.002469456719521722,-1.0
2025-12-18,6774.759765625,6816.1298828125,6758.5,6778.06005859375,5101190000,-0.0486908192052036,0.8425272796338729,3.62,3.46,4.12,0.66,16.87,3.64,-0.0018507754011823,0.0017040384901147,6807.25,2.2725012912541445,0.036999035776627054,35905.0,18657.0,190.0,0.09090909090909087,0.004119464469618924,-1.0
2025-12-19,6834.5,6840.02001953125,6792.6201171875,6792.6201171875,8554470000,0.616549756794591,0.2636307733467256,3.62,3.48,4.16,0.68,14.91,3.64,0.0066903714271935,0.0019681600274227,6852.75,-0.9656946738981177,-0.005537171302497147,42815.0,35675.0,0.0,0.04041616646658663,0.009486905398182784,0.0
2025-12-22,6878.490234375,6882.02978515625,6855.740234375,6865.2099609375,4465030000,0.1934430776780856,0.4493373463676933,3.64,3.44,4.17,0.73,14.08,3.64,0.0025026348289244,0.0007784929294909,6910.5,-0.6154619736015084,-0.054393881004247746,96192.0,152125.0,4922.0,-0.09446564885496189,0.04157660521296893,-1.0
2025-12-23,6909.7900390625,6910.8798828125,6868.81005859375,6872.41015625,3820560000,0.543912280592064,-0.0883926256755448,3.65,3.48,4.18,0.7,14.0,3.64,0.0036511930885374,0.0007124167809037,6935.75,-0.2659482267077203,0.007574571851322907,14457.0,14318.0,0.0,-0.058430717863105226,-0.0059071729957806095,0.0
2025-12-24,6932.0498046875,6937.31982421875,6904.91015625,6904.91015625,1798270000,0.3930485382627965,-0.0706227365073756,3.69,3.47,4.15,0.68,13.47,3.64,0.0025607825288841,0.0010032114030505,6953.5,-0.30557293645719336,-0.09567511964369559,36860.0,15888.0,788.0,-0.01999999999999993,-0.010591048855483402,-1.0
2025-12-26,6929.93994140625,6945.77001953125,6921.60009765625,6936.02001953125,2586550000,-0.0876594662051004,0.0572733167765949,3.64,3.46,4.14,0.68,13.6,3.64,0.0037036883732349,0.0017326027639109,6979.25,2.415601097682022,0.01775122389065623,45950.0,46148.0,205.0,0.08333333333333341,-0.004774354893713871,-1.0
2025-12-29,6905.740234375,6920.2099609375,6888.759765625,6903.60009765625,3541750000,0.0310002996766363,-0.3800876194123988,3.68,3.45,4.12,0.67,14.2,3.64,-0.0021485266616282,0.0007486915600474,6964.25,6.527876071400488,0.01896712216250691,100708.0,69362.0,7367.0,-0.2610364683301343,0.03520960904380598,-1.0
2025-12-30,6896.240234375,6913.25,6893.47021484375,6900.43994140625,3309930000,-0.0608614387910191,-0.0767519887638765,3.65,3.45,4.14,0.69,14.33,3.64,-0.0013948188658167,0.000933637672188,6954.5,-0.024484539450813213,0.14085470154891536,27505.0,4869.0,412.0,0.05428571428571425,0.004460093896713645,-1.0
2025-12-31,6845.5,6901.419921875,6844.5498046875,6898.81982421875,3261830000,-0.7728832695639816,0.0374057422027117,3.67,3.47,4.18,0.71,14.95,3.64,-0.0042847957593322,0.0004740118805644,6924.75,0.13761597230053757,0.1221290657571682,103584.0,75117.0,18450.0,0.06245802552048356,0.013905118018228583,-1.0
2026-01-02,6858.47021484375,6894.8701171875,6824.31005859375,6878.10986328125,4184120000,-0.2855384521021705,0.4763693416295377,3.65,3.47,4.19,0.72,14.51,3.64,0.0062654464896465,0.0019171663507415,6937.0,-3.679489191126815,0.0020288217698464436,59209.0,34415.0,10304.0,-0.06010016694490816,-0.009786476868327435,-1.0
2026-01-05,6902.0498046875,6920.3798828125,6891.56005859375,6892.18994140625,5771930000,0.1430584961394468,0.4916508420423052,3.64,3.46,4.17,0.71,14.9,3.64,0.0020287093026143,0.0005644198019223,6914.0,3.331824002465686,-0.03284371774334232,266230.0,313623.0,27385.0,0.0,0.0032222222222222374,0.0
2026-01-06,6944.81982421875,6948.68994140625,6904.02001953125,6908.02978515625,5509680000,0.5325692014466011,0.0866406449963418,3.63,3.47,4.18,0.71,14.75,3.64,0.0036674177911671,0.0017595897295403,6939.25,-0.4859515879015049,8.347534205692151e-05,71547.0,31361.0,11718.0,-0.008234217749313797,-0.0038039829939584577,-1.0
2026-01-07,6920.93017578125,6965.68994140625,6919.18994140625,6945.06982421875,5214480000,-0.3475796363244694,0.0035998054136433,3.62,3.47,4.15,0.68,15.38,3.64,0.0056978451721583,0.0017212273373146,6978.75,0.01626001420513683,0.009575150515146008,50107.0,14678.0,1018.0,0.1331444759206799,0.00849858356940517,0.0
2026-01-08,6921.4599609375,6931.27978515625,6899.330078125,6914.10986328125,5333200000,0.106305768950594,-0.0985461827640835,3.62,3.49,4.19,0.7,15.45,3.64,-0.0041882830506693,0.0012664482400562,6949.5,1.7111777841710847,0.010950497843953638,91181.0,39359.0,1542.0,-0.01571268237934903,-0.00504607283896439,-1.0
2026-01-09,6966.27978515625,6978.35986328125,6917.64013671875,6927.830078125,5163900000,0.5550036100431655,0.0920342994606759,3.62,3.54,4.18,0.64,14.49,3.64,0.0025907117865137,0.0007294065646913,6967.5,-0.04140635125034993,-0.0038966548638891905,162851.0,178363.0,5968.0,0.18168389955686862,-0.016363636363636462,0.0
2026-01-12,6977.27001953125,6986.330078125,6934.06982421875,6944.1201171875,5019040000,0.4773808889293283,-0.3180990234697122,3.67,3.54,4.19,0.65,15.12,3.64,-0.0067605150879878,0.0010421782550547,6957.75,0.38647704306371694,0.19905631299165266,1764768.0,762005.0,53656.0,0.5871313672922253,-0.02548230681935423,0.0
2026-01-13,6963.740234375,6985.830078125,6938.77001953125,6977.41015625,5091730000,-0.1959168454896577,0.0020084749244005,3.67,3.53,4.18,0.65,15.98,3.64,0.0073048862091195,0.0022599675504373,7008.5,-11.668077266364559,0.12048008828457467,469794.0,262253.0,66982.0,-0.026587887740029487,-0.0006369426751591656,-1.0
2026-01-14,6926.60009765625,6941.2998046875,6885.740234375,6937.41015625,5530830000,-0.1558226823883417,-0.3781025316686463,3.67,3.51,4.15,0.64,16.75,3.64,-0.0026375529261718,0.0008743481310084,6990.0,3.127242292754682,0.013736728670681484,462175.0,347864.0,8119.0,0.11037527593818978,-0.010569275847634991,0.0
2026-01-15,6944.47021484375,6979.33984375,6937.93017578125,6969.4599609375,5114050000,-0.358560723984538,0.618772019128872,3.68,3.56,4.17,0.61,15.84,3.64,-0.0002174978790436,0.002164921811548,6988.25,-0.04689965838422654,-0.003149052346014111,337716.0,193801.0,14552.0,0.015228426395939052,-0.005573080967402704,-1.0
2026-01-16,6940.009765625,6967.2998046875,6925.08984375,6960.5400390625,5356550000,-0.2949523071814005,0.2314046100219549,3.67,3.59,4.24,0.65,15.86,3.64,0.0014043310742675,0.0011976643244896,6998.0,0.020314348938788765,-0.009526240687432339,248461.0,114893.0,19487.0,-0.037105751391465706,-0.007160909856781833,-1.0
2026-01-20,6796.85986328125,6871.169921875,6789.0498046875,6865.240234375,5769500000,-0.9960375567247026,-1.0773692512703037,3.7,3.6,4.3,0.7,20.09,3.64,-0.0092869191644043,0.0007386973585993,6852.25,-1.2282219600525264,0.0043302961643308865,164229.0,47177.0,6169.0,-0.02512562814070354,0.01387137452711222,0.0
2026-01-21,6875.6201171875,6910.39013671875,6804.9599609375,6810.7099609375,5835520000,0.953060057208266,0.2037720055267364,3.7,3.6,4.26,0.66,16.9,3.64,-0.00225697683661,0.0010311279805446,6836.75,0.08076158705895667,-0.0023692964944630334,256108.0,98430.0,1682.0,-0.13314447592067988,-0.008258490760813468,-1.0
2026-01-22,6913.35009765625,6934.75,6893.6201171875,6914.43994140625,5307580000,-0.0157618514187043,0.5646010622621397,3.71,3.61,4.26,0.65,15.64,3.64,0.0169474036204335,0.0033279786095444,6953.0,-0.16677237942161283,0.007141465820542452,272052.0,84736.0,23105.0,0.0067114093959731135,-0.0070609905853457906,-1.0
2026-01-23,6915.60986328125,6932.9599609375,6895.5,6907.85009765625,4871930000,0.1123325711371877,-0.0795562198110667,3.7,3.6,4.24,0.64,16.09,3.64,-0.0033776960506383,0.001033552919211,6929.5,0.11747866409993524,-0.006688547554922275,166716.0,170363.0,2037.0,0.0067114093959731135,-0.0003090871625798135,0.0
2026-01-26,6950.22998046875,6964.66015625,6921.60009765625,6923.22998046875,4968050000,0.3899913779575457,0.1101872045726489,3.67,3.56,4.22,0.66,16.15,3.64,-0.0007820395420188,0.0015136572727872,6928.25,-0.907028300655985,-0.013228832868921077,1892468.0,976105.0,42221.0,-0.2452830188679245,0.004713597704682907,-1.0
2026-01-27,6978.60009765625,6988.81982421875,6958.830078125,6965.9599609375,5331720000,0.1814557762265526,0.226323165031283,3.67,3.53,4.24,0.71,16.35,3.64,0.0097016881547287,0.0023589766181955,6995.5,0.3198075413963456,-0.04363507680860363,723640.0,158324.0,327781.0,0.6666666666666666,0.003568879371877177,-1.0
2026-01-28,6978.02978515625,7002.27978515625,6963.4599609375,7002.0,5507670000,-0.3423338309590117,0.3353094032656895,3.68,3.56,4.26,0.7,16.35,3.64,0.0051395868466092,0.0009058166769416,7031.5,-0.08095377098236255,0.012291742904038372,1550858.0,589417.0,236431.0,0.0,0.007223522230135309,0.0
2026-01-29,6969.009765625,6992.83984375,6870.7998046875,6977.740234375,6877780000,-0.1251188559154208,-0.0041494632462867,3.67,3.53,4.24,0.71,16.88,3.64,-0.0017267876134043,0.0015474739953126,7019.25,0.01847388776591153,-1.5781221056134083,55364.0,43848.0,32959.0,0.03926096997690531,-0.005327245053272347,0.0
2026-01-30,6939.02978515625,6964.08984375,6893.47998046875,6947.27001953125,6697340000,-0.1186111141762702,-0.3119488539244473,3.67,3.52,4.26,0.74,17.44,3.64,-0.0132413285075762,0.0027860770430214,6926.5,-0.10230657808496522,1.2484399863214533,93420.0,141639.0,1046.0,0.0967098703888335,0.012015721504772649,0.0
2026-02-02,6976.43994140625,6991.919921875,6914.33984375,6916.64013671875,5772050000,0.8645788056839543,-0.3226625209967425,3.69,3.57,4.29,0.72,16.34,3.64,-0.0132413285075762,0.0027860770430214,6926.5,-0.1358018539117538,0.19566087952279074,390014.0,335229.0,34000.0,0.04400000000000001,-0.010111111111111107,-1.0
2026-02-03,6917.81005859375,6993.080078125,6862.0498046875,6985.4501953125,7017660000,-0.9683003217765274,0.1291526047944991,3.69,3.57,4.28,0.71,18.0,3.64,0.0126702058932473,0.0033023706594625,7014.25,0.06367300356125871,-0.0016209853223021554,26266.0,31475.0,4083.0,0.0321910695742472,-0.0010000000000000132,-1.0
2026-02-04,6882.72021484375,6936.08984375,6838.7998046875,6924.5,7475750000,-0.6033617612282476,0.096706057980579,3.69,3.57,4.29,0.72,18.64,3.64,-0.0103699411270672,0.0047625925897828,6940.75,2.842489235073092,0.05954386070442559,21606.0,58736.0,12881.0,-0.10000000000000009,-0.0015682760165789938,-1.0
2026-02-05,6798.39990234375,6857.85009765625,6780.1298828125,6837.39013671875,6989120000,-0.57025025039322,-0.6586070145236765,3.67,3.47,4.21,0.74,21.77,3.64,-0.0050594900516501,0.0031029075488749,6905.25,0.6958096927626539,0.16777931525663414,93457.0,48059.0,10968.0,0.09555555555555552,0.0044385264092321386,-1.0
2026-02-06,6932.2998046875,6944.89013671875,6816.740234375,6816.740234375,6283680000,1.6952321247297053,0.2697742453327461,3.68,3.5,4.22,0.72,17.76,3.64,-0.0089141478494766,0.0038161940968087,6843.25,-0.1935112663625214,0.012870595407915481,54494.0,42815.0,1533.0,-0.08539205155746507,0.031143136297020126,-1.0
2026-02-09,6964.81982421875,6980.10009765625,6905.8701171875,6917.259765625,5650260000,0.687556347530817,-0.2169559812218477,3.69,3.48,4.22,0.74,17.36,3.64,-0.0012874264528716,0.0012485005484536,6943.75,-4.0085652156111165,0.04031000997889554,226555.0,290907.0,28599.0,0.17300232738557034,-0.04703852788959177,0.0
2026-02-10,6941.81005859375,6986.830078125,6937.52978515625,6974.490234375,5595950000,-0.4685672311960523,0.1388465229584706,3.69,3.45,4.16,0.71,17.79,3.64,0.0065212038005778,0.0018655018183677,6989.0,0.9130545682898784,-0.4958792831972289,64394.0,104613.0,3006.0,0.003351955307262666,-0.006727828746177308,0.0
2026-02-11,6941.47021484375,6993.47998046875,6911.97021484375,6976.47998046875,6175510000,-0.5018256444942553,0.499436336954793,3.7,3.52,4.18,0.66,17.65,3.64,-0.0033251998106519,0.0009729989181854,6965.75,0.9879030255621177,0.04061736519385922,122764.0,179553.0,3037.0,0.23731679819616686,-0.017747781527309072,0.0
2026-02-12,6832.759765625,6973.22021484375,6824.0400390625,6957.5400390625,7118700000,-1.7934539037782329,0.2315046196465128,3.7,3.47,4.09,0.62,20.82,3.64,0.0025485395208407,0.0006950473223232,6983.5,-0.4474664557390627,0.018991148794034032,120298.0,46223.0,4335.0,0.005747126436781774,-0.005079433697179334,0.0
2026-02-13,6836.169921875,6881.9599609375,6794.5498046875,6834.27001953125,5718360000,0.0277996382689063,0.0221031319416197,3.68,3.4,4.04,0.64,20.6,3.64,-0.0196511704270997,0.0039835986861264,6846.75,4.84500975207675,-0.42411258755442033,105179.0,158852.0,918.0,0.23829201101928368,0.006521030322791006,0.0
2026-02-17,6843.22021484375,6866.990234375,6775.5,6819.85986328125,5418480000,0.3425341873705392,-0.2385847452615182,3.69,3.43,4.05,0.62,20.29,3.64,-0.0029646598150245,0.003632824265448,6841.25,-0.6287607793530076,-0.0032798808629160396,23632.0,24898.0,137.0,-0.06398996235884559,-0.02150537634408604,-1.0
2026-02-18,6881.31005859375,6909.1201171875,6849.66015625,6855.47998046875,5098160000,0.3767800095484174,0.1791519962839589,3.7,3.47,4.09,0.62,19.62,3.64,0.0079906871891821,0.0015826511006386,6896.0,-0.9998083452533901,0.009458639783547607,136266.0,52401.0,11484.0,0.1510791366906474,-0.0014110496038206531,-1.0
2026-02-19,6861.89013671875,6879.1201171875,6833.06005859375,6861.33984375,5151690000,0.0080201969481407,-0.2902094902526608,3.69,3.47,4.08,0.61,20.23,3.64,-0.0021269066838445,0.0014213367750739,6881.25,4.18977931217093,-0.022723766876785408,79391.0,111319.0,18060.0,0.024793388429752088,-0.008706868752015474,0.0
2026-02-20,6909.509765625,6915.85986328125,6836.330078125,6843.259765625,5432480000,0.9681058774472716,-0.2715049457591397,3.69,3.48,4.08,0.6,19.09,3.64,0.0016436785122816,0.0011983759099207,6892.5,-0.0041493791473567986,0.020496670473613664,207184.0,150029.0,31601.0,-0.13812949640287775,-0.0007521220586654378,0.0
2026-02-23,6837.75,6916.9599609375,6819.81982421875,6901.25,5638350000,-0.9201231660930992,-0.1195419921988179,3.69,3.43,4.03,0.6,21.01,3.64,-0.0022626222879664,0.0017123043971797,6907.5,-0.20824003582624281,0.03796221555406683,241577.0,311116.0,19679.0,-0.19863013698630136,-0.0021105951878429736,0.0
2026-02-24,6890.06982421875,6899.169921875,6815.43017578125,6837.3701171875,5266090000,0.770759899318243,-0.0055556698109758,3.69,3.43,4.04,0.61,19.55,3.64,-0.0056917839824227,0.0024429340843059,6868.0,-1.5997598058104305,-0.3032891198428366,186566.0,29330.0,170472.0,-0.16,0.005605499735589605,0.0
2026-02-25,6946.1298828125,6952.509765625,6915.14990234375,6915.14990234375,5328060000,0.4480015748935531,0.3640032505453422,3.69,3.45,4.05,0.6,17.93,3.64,0.0067999672139417,0.001444456562017,6914.75,0.8218527137041544,-0.32300655106095943,115543.0,86324.0,3984.0,-0.15789473684210528,-0.005527166544999449,-1.0
2026-02-26,6908.85986328125,6947.25,6859.72998046875,6944.740234375,5889550000,-0.51665533746172,-0.0200060819613889,3.68,3.42,4.02,0.6,18.63,3.64,0.0063699996397349,0.0019139476685662,6958.75,2.1378731379228806,-0.3127582729896695,32537.0,47834.0,3284.0,-0.08249999999999993,-0.010003093740332104,-1.0
2026-02-27,6878.8798828125,6882.9599609375,6831.740234375,6856.5400390625,6665660000,0.325818030999999,-0.7572859379709803,3.67,3.38,3.97,0.59,19.86,3.64,-0.008218019185909,0.0024089836810928,6901.5,-0.05665031390756077,0.0034003299613718082,62020.0,40063.0,4428.0,0.0026315789473684965,0.003434280362160443,-1.0
2026-03-02,6881.6201171875,6901.009765625,6796.85009765625,6824.35986328125,6079080000,0.8390567768024831,-0.792571181065004,3.72,3.47,4.05,0.58,21.44,3.64,-0.0092201130434563,0.0032784911795448,6812.5,7.798098568486243,-0.2904836245224233,411956.0,356953.0,51929.0,0.0,-0.01437499999999992,-1.0
2026-03-03,6816.6298828125,6840.0498046875,6710.419921875,6800.259765625,6442080000,0.240727821461324,-1.1822848424790957,3.71,3.51,4.06,0.55,23.57,3.64,-0.0065097303592529,0.0033715931370172,6767.75,-2.4376703743937242,0.3993208346349317,136028.0,50652.0,10828.0,0.01010101010101004,0.0070518892748132195,-1.0
2026-03-04,6869.5,6885.93994140625,6811.64013671875,6831.68994140625,5252170000,0.5534510336100982,0.2209311471013343,3.71,3.54,4.09,0.55,21.15,3.64,0.0084900108302019,0.003030864448056,6825.0,-0.5226643136144972,-0.0060461417720483876,31653.0,115770.0,7725.0,-0.045000000000000075,0.0037457080428675974,-1.0
2026-03-05,6830.7099609375,6870.43017578125,6770.77978515625,6851.080078125,5989300000,-0.2973270923009687,-0.2681406488827425,3.7,3.57,4.13,0.56,23.75,3.64,0.0068544888488148,0.0030019082546707,6871.5,-0.4578484283452417,0.008515250323929248,359647.0,107034.0,702.0,-0.26000000000000006,-0.0020414412575278165,-1.0
2026-03-06,6740.02001953125,6773.419921875,6711.56005859375,6769.02978515625,5793120000,-0.4285660803061508,-0.9029833814344026,3.69,3.56,4.15,0.59,29.49,3.64,-0.0095372848005373,0.003971893670201,6805.5,-0.7104971328138967,0.01625295010001964,116748.0,64501.0,3945.0,0.0,0.00754793961648303,0.0
2026-03-09,6795.990234375,6810.43994140625,6636.0400390625,6699.7998046875,6709410000,1.435720954232104,-0.5967373201741203,3.71,3.56,4.12,0.56,25.5,3.64,-0.0088568528687636,0.0052305434818572,6683.25,-0.06928730561551338,0.3276956143644625,1165210.0,844247.0,45825.0,-0.03333333333333325,-0.00020614306328589773,-1.0
2026-03-10,6781.47998046875,6845.080078125,6759.740234375,6796.56005859375,5944950000,-0.2218780970813662,0.0083847121478744,3.71,3.57,4.15,0.58,24.93,3.64,0.0133636134929585,0.0047024198877226,6772.5,-0.732360906053992,0.0797099817287645,382117.0,253227.0,20578.0,0.37614678899082565,0.01020513349139266,-1.0
